{"cameraMode":{"drawMode":0,"name":"Shaded","section":"Shading Mode"},"sceneLighting":false,"audioPlay":false,"sceneViewState":{"showFog":true,"showMaterialUpdate":true,"showSkybox":true,"showFlares":true,"showImageEffects":true,"showParticleSystems":true},"in2DMode":false,"pivot":{"x":-27.28527069091797,"y":51.119598388671878,"z":102.79478454589844},"rotation":{"x":-0.029409345239400865,"y":-0.9621680974960327,"z":0.24500435590744019,"w":-0.11550120264291763},"size":0.000057183562603313476,"orthographic":false}