{"cameraMode":{"drawMode":0,"name":"Shaded","section":"Shading Mode"},"sceneLighting":false,"audioPlay":false,"sceneViewState":{"showFog":false,"showMaterialUpdate":false,"showSkybox":false,"showFlares":false,"showImageEffects":false,"showParticleSystems":false},"in2DMode":false,"pivot":{"x":1.1216598749160767,"y":1.5055820941925049,"z":7.161749839782715},"rotation":{"x":0.24768118560314179,"y":-0.4634717106819153,"z":0.1367010921239853,"w":0.8397385478019714},"size":7.125466346740723,"orthographic":false}