{"cameraMode":{"drawMode":0,"name":"Shaded","section":"Shading Mode"},"sceneLighting":false,"audioPlay":false,"sceneViewState":{"showFog":true,"showMaterialUpdate":true,"showSkybox":true,"showFlares":true,"showImageEffects":true,"showParticleSystems":true},"in2DMode":false,"pivot":{"x":25.133934020996095,"y":1.5099999904632569,"z":-6.270216464996338},"rotation":{"x":-0.19950801134109498,"y":-0.7902640700340271,"z":0.3321012258529663,"w":-0.47475045919418337},"size":22.0,"orthographic":false}