{"cameraMode":{"drawMode":0,"name":"Shaded","section":"Shading Mode"},"sceneLighting":false,"audioPlay":false,"sceneViewState":{"showFog":true,"showMaterialUpdate":true,"showSkybox":true,"showFlares":true,"showImageEffects":true,"showParticleSystems":true},"in2DMode":false,"pivot":{"x":0.06606307625770569,"y":3.6544556617736818,"z":3.1840763092041017},"rotation":{"x":-0.020645860582590104,"y":0.04371000826358795,"z":0.0009020740981213748,"w":0.9988305568695068},"size":4.563077449798584,"orthographic":false}