{"cameraMode":{"drawMode":0,"name":"Shaded","section":"Shading Mode"},"sceneLighting":true,"audioPlay":false,"sceneViewState":{"showFog":true,"showMaterialUpdate":true,"showSkybox":true,"showFlares":true,"showImageEffects":true,"showParticleSystems":true},"in2DMode":false,"pivot":{"x":6.689757823944092,"y":2.0,"z":-21.110694885253908},"rotation":{"x":-0.04809815064072609,"y":-0.9518653154373169,"z":0.21819791197776795,"w":-0.2098301500082016},"size":56.01451873779297,"orthographic":false}