{"cameraMode":{"drawMode":0,"name":"Shaded","section":"Shading Mode"},"sceneLighting":true,"audioPlay":false,"sceneViewState":{"showFog":true,"showMaterialUpdate":true,"showSkybox":true,"showFlares":true,"showImageEffects":true,"showParticleSystems":true},"in2DMode":false,"pivot":{"x":-3.077925205230713,"y":4.759662628173828,"z":12.809501647949219},"rotation":{"x":0.005759475752711296,"y":-0.9286119341850281,"z":0.3707275092601776,"w":0.014419939368963242},"size":21.010000228881837,"orthographic":false}