{"cameraMode":{"drawMode":0,"name":"Shaded","section":"Shading Mode"},"sceneLighting":false,"audioPlay":false,"sceneViewState":{"showFog":false,"showMaterialUpdate":false,"showSkybox":false,"showFlares":false,"showImageEffects":false,"showParticleSystems":false},"in2DMode":false,"pivot":{"x":1.121704339981079,"y":1.5056588649749756,"z":7.16172456741333},"rotation":{"x":0.24768118560314179,"y":-0.4634717106819153,"z":0.1367010921239853,"w":0.8397385478019714},"size":7.126140594482422,"orthographic":false}