{"cameraMode":{"drawMode":0,"name":"Shaded","section":"Shading Mode"},"sceneLighting":true,"audioPlay":false,"sceneViewState":{"showFog":true,"showMaterialUpdate":true,"showSkybox":true,"showFlares":true,"showImageEffects":true,"showParticleSystems":true},"in2DMode":false,"pivot":{"x":-11.501226425170899,"y":-31.159400939941408,"z":-77.3479995727539},"rotation":{"x":-0.19950801134109498,"y":-0.7902640700340271,"z":0.3321012258529663,"w":-0.47475045919418337},"size":40.010372161865237,"orthographic":false}