{"cameraMode":{"drawMode":0,"name":"Shaded","section":"Shading Mode"},"sceneLighting":true,"audioPlay":false,"sceneViewState":{"showFog":true,"showMaterialUpdate":true,"showSkybox":true,"showFlares":true,"showImageEffects":true,"showParticleSystems":true},"in2DMode":false,"pivot":{"x":-12.53391170501709,"y":-12.958039283752442,"z":-19.140918731689454},"rotation":{"x":-0.19950801134109498,"y":-0.7902640700340271,"z":0.3321012258529663,"w":-0.47475045919418337},"size":56.0145263671875,"orthographic":false}