{"cameraMode":{"drawMode":0,"name":"Shaded","section":"Shading Mode"},"sceneLighting":false,"audioPlay":false,"sceneViewState":{"showFog":true,"showMaterialUpdate":true,"showSkybox":true,"showFlares":true,"showImageEffects":true,"showParticleSystems":true},"in2DMode":false,"pivot":{"x":0.7645844221115112,"y":1.4720382690429688,"z":2.1726741790771486},"rotation":{"x":0.21204498410224915,"y":-0.7075684666633606,"z":0.2378835529088974,"w":0.6307101249694824},"size":4.563077926635742,"orthographic":false}