{"cameraMode":{"drawMode":0,"name":"Shaded","section":"Shading Mode"},"sceneLighting":false,"audioPlay":false,"sceneViewState":{"showFog":true,"showMaterialUpdate":true,"showSkybox":true,"showFlares":true,"showImageEffects":true,"showParticleSystems":true},"in2DMode":false,"pivot":{"x":13.466453552246094,"y":-1.7300000190734864,"z":-12.879127502441407},"rotation":{"x":-0.15504947304725648,"y":0.5377516746520996,"z":-0.1013711541891098,"w":-0.8225002884864807},"size":22.0,"orthographic":false}