{"cameraMode":{"drawMode":0,"name":"Shaded","section":"Shading Mode"},"sceneLighting":true,"audioPlay":false,"sceneViewState":{"showFog":true,"showMaterialUpdate":false,"showSkybox":true,"showFlares":true,"showImageEffects":true,"showParticleSystems":true},"in2DMode":false,"pivot":{"x":5.347018241882324,"y":2.358187198638916,"z":-15.252211570739746},"rotation":{"x":0.18460692465305329,"y":-0.3233529329299927,"z":0.06447339802980423,"w":0.925855278968811},"size":10.0,"orthographic":false}